,Unit Id,INSTNM,CITY,STABBR,INSTSIZE,LONGITUD,LATITUDE,OBEREG,CARNEGIE,Year,grand_phd_total,black_phd_total,hispanic_phd_total,women_phd_total,total_phd_cs,black_phd_cs,hispanic_phd_cs,women_phd_cs
21,104151,Arizona State University Campus Immersion,Tempe,AZ,5,-111.934383,33.417721,6,15,2002,300,2,20,145,7.0,0.0,1.0,2.0
22,104151,Arizona State University Campus Immersion,Tempe,AZ,5,-111.934383,33.417721,6,15,2003,313,8,18,147,6.0,0.0,0.0,3.0
23,104151,Arizona State University Campus Immersion,Tempe,AZ,5,-111.934383,33.417721,6,15,2004,314,8,23,150,8.0,0.0,0.0,0.0
24,104151,Arizona State University Campus Immersion,Tempe,AZ,5,-111.934383,33.417721,6,15,2005,355,6,23,159,15.0,0.0,0.0,3.0
25,104151,Arizona State University Campus Immersion,Tempe,AZ,5,-111.934383,33.417721,6,15,2006,389,12,17,165,21.0,0.0,0.0,4.0
26,104151,Arizona State University Campus Immersion,Tempe,AZ,5,-111.934383,33.417721,6,15,2007,376,7,18,170,15.0,0.0,0.0,5.0
27,104151,Arizona State University Campus Immersion,Tempe,AZ,5,-111.934383,33.417721,6,15,2008,656,18,50,306,18.0,0.0,0.0,0.0
28,104151,Arizona State University Campus Immersion,Tempe,AZ,5,-111.934383,33.417721,6,15,2009,766,26,69,391,18.0,0.0,0.0,5.0
29,104151,Arizona State University Campus Immersion,Tempe,AZ,5,-111.934383,33.417721,6,15,2010,656,13,63,310,24.0,0.0,0.0,4.0
30,104151,Arizona State University Campus Immersion,Tempe,AZ,5,-111.934383,33.417721,6,15,2011,508,5,27,221,27.0,1.0,1.0,6.0
31,104151,Arizona State University Campus Immersion,Tempe,AZ,5,-111.934383,33.417721,6,15,2012,714,12,56,291,23.0,0.0,1.0,4.0
32,104151,Arizona State University Campus Immersion,Tempe,AZ,5,-111.934383,33.417721,6,15,2013,650,13,48,299,8.0,0.0,0.0,1.0
33,104151,Arizona State University Campus Immersion,Tempe,AZ,5,-111.934383,33.417721,6,15,2014,751,20,56,322,29.0,0.0,0.0,4.0
34,104151,Arizona State University Campus Immersion,Tempe,AZ,5,-111.934383,33.417721,6,15,2015,746,20,51,376,27.0,0.0,0.0,7.0
35,104151,Arizona State University Campus Immersion,Tempe,AZ,5,-111.934383,33.417721,6,15,2016,828,25,69,392,15.0,1.0,0.0,4.0
36,104151,Arizona State University Campus Immersion,Tempe,AZ,5,-111.934383,33.417721,6,15,2017,723,13,61,325,22.0,0.0,0.0,2.0
37,104151,Arizona State University Campus Immersion,Tempe,AZ,5,-111.934383,33.417721,6,15,2018,865,21,98,430,18.0,0.0,0.0,3.0
38,104151,Arizona State University Campus Immersion,Tempe,AZ,5,-111.934383,33.417721,6,15,2019,897,29,82,427,19.0,0.0,1.0,2.0
39,104151,Arizona State University Campus Immersion,Tempe,AZ,5,-111.934383,33.417721,6,15,2020,908,21,86,443,33.0,0.0,0.0,7.0
40,104151,Arizona State University Campus Immersion,Tempe,AZ,5,-111.934383,33.417721,6,15,2021,508,5,34,207,23.0,0.0,0.0,1.0
41,104151,Arizona State University Campus Immersion,Tempe,AZ,5,-111.934383,33.417721,6,15,2022,524,2,30,215,25.0,0.0,0.0,10.0
42,104179,University of Arizona,Tucson,AZ,5,-110.950815,32.232672,6,15,2002,378,7,29,170,3.0,0.0,0.0,1.0
44,104179,University of Arizona,Tucson,AZ,5,-110.950815,32.232672,6,15,2004,386,5,23,157,2.0,0.0,0.0,0.0
45,104179,University of Arizona,Tucson,AZ,5,-110.950815,32.232672,6,15,2005,398,4,27,185,2.0,0.0,0.0,0.0
46,104179,University of Arizona,Tucson,AZ,5,-110.950815,32.232672,6,15,2006,395,6,13,174,3.0,0.0,0.0,1.0
47,104179,University of Arizona,Tucson,AZ,5,-110.950815,32.232672,6,15,2007,460,5,20,217,4.0,0.0,0.0,0.0
48,104179,University of Arizona,Tucson,AZ,5,-110.950815,32.232672,6,15,2008,824,15,61,435,5.0,0.0,0.0,1.0
49,104179,University of Arizona,Tucson,AZ,5,-110.950815,32.232672,6,15,2009,824,10,52,394,7.0,0.0,0.0,1.0
50,104179,University of Arizona,Tucson,AZ,5,-110.950815,32.232672,6,15,2010,778,14,43,400,5.0,0.0,0.0,0.0
51,104179,University of Arizona,Tucson,AZ,5,-110.950815,32.232672,6,15,2011,936,22,92,508,2.0,0.0,0.0,2.0
52,104179,University of Arizona,Tucson,AZ,5,-110.950815,32.232672,6,15,2012,907,18,66,462,10.0,0.0,0.0,3.0
53,104179,University of Arizona,Tucson,AZ,5,-110.950815,32.232672,6,15,2013,870,16,70,414,3.0,0.0,0.0,0.0
54,104179,University of Arizona,Tucson,AZ,5,-110.950815,32.232672,6,15,2014,939,18,69,465,8.0,0.0,0.0,0.0
55,104179,University of Arizona,Tucson,AZ,5,-110.950815,32.232672,6,15,2015,814,14,70,424,4.0,0.0,0.0,0.0
56,104179,University of Arizona,Tucson,AZ,5,-110.950815,32.232672,6,15,2016,850,12,56,423,7.0,0.0,0.0,1.0
57,104179,University of Arizona,Tucson,AZ,5,-110.950815,32.232672,6,15,2017,854,21,53,438,7.0,0.0,0.0,2.0
58,104179,University of Arizona,Tucson,AZ,5,-110.950815,32.232672,6,15,2018,993,25,137,532,13.0,0.0,2.0,4.0
59,104179,University of Arizona,Tucson,AZ,5,-110.950815,32.232672,6,15,2019,1010,33,130,545,9.0,0.0,0.0,2.0
60,104179,University of Arizona,Tucson,AZ,5,-110.950815,32.232672,6,15,2020,951,25,123,508,4.0,0.0,0.0,0.0
61,104179,University of Arizona,Tucson,AZ,5,-110.950815,32.232672,6,15,2021,948,13,89,505,3.0,0.0,0.0,1.0
62,104179,University of Arizona,Tucson,AZ,5,-110.950815,32.232672,6,15,2022,981,27,118,505,4.0,0.0,0.0,0.0
172,125231,Walden University,Minneapolis,MN,5,-93.265738,44.98125,4,16,2006,156,33,6,86,7.0,1.0,0.0,2.0
177,125231,Walden University,Minneapolis,MN,5,-93.265738,44.98125,4,16,2011,1300,493,61,893,2.0,0.0,1.0,0.0
184,125231,Walden University,Minneapolis,MN,5,-93.265738,44.98125,4,16,2018,1571,694,65,1115,21.0,9.0,1.0,6.0
185,125231,Walden University,Minneapolis,MN,5,-93.265738,44.98125,4,16,2019,1641,685,56,1131,28.0,10.0,0.0,4.0
186,125231,Walden University,Minneapolis,MN,5,-93.265738,44.98125,4,16,2020,1623,647,53,1132,26.0,8.0,0.0,7.0
187,125231,Walden University,Minneapolis,MN,5,-93.265738,44.98125,4,16,2021,1550,601,63,1046,14.0,4.0,0.0,1.0
188,125231,Walden University,Minneapolis,MN,5,-93.265738,44.98125,4,16,2022,1634,679,74,1109,5.0,3.0,0.0,1.0
421,155399,Kansas State University,Manhattan,KS,5,-96.581077,39.188648,4,15,2003,152,1,3,64,2.0,0.0,0.0,1.0
422,155399,Kansas State University,Manhattan,KS,5,-96.581077,39.188648,4,15,2004,138,0,4,49,3.0,0.0,0.0,0.0
423,155399,Kansas State University,Manhattan,KS,5,-96.581077,39.188648,4,15,2005,146,2,1,57,3.0,0.0,0.0,0.0
425,155399,Kansas State University,Manhattan,KS,5,-96.581077,39.188648,4,15,2007,152,0,2,74,1.0,0.0,0.0,0.0
426,155399,Kansas State University,Manhattan,KS,5,-96.581077,39.188648,4,15,2008,245,4,4,125,1.0,0.0,0.0,0.0
427,155399,Kansas State University,Manhattan,KS,5,-96.581077,39.188648,4,15,2009,255,8,3,139,5.0,0.0,0.0,1.0
428,155399,Kansas State University,Manhattan,KS,5,-96.581077,39.188648,4,15,2010,265,6,3,156,4.0,0.0,0.0,1.0
429,155399,Kansas State University,Manhattan,KS,5,-96.581077,39.188648,4,15,2011,303,5,15,175,4.0,0.0,0.0,0.0
430,155399,Kansas State University,Manhattan,KS,5,-96.581077,39.188648,4,15,2012,294,9,4,170,7.0,0.0,0.0,2.0
431,155399,Kansas State University,Manhattan,KS,5,-96.581077,39.188648,4,15,2013,274,5,8,149,4.0,0.0,0.0,1.0
432,155399,Kansas State University,Manhattan,KS,5,-96.581077,39.188648,4,15,2014,303,7,7,165,7.0,0.0,0.0,1.0
434,155399,Kansas State University,Manhattan,KS,5,-96.581077,39.188648,4,15,2016,267,7,8,145,4.0,0.0,0.0,0.0
435,155399,Kansas State University,Manhattan,KS,5,-96.581077,39.188648,4,15,2017,263,4,11,140,3.0,0.0,0.0,1.0
436,155399,Kansas State University,Manhattan,KS,5,-96.581077,39.188648,4,15,2018,326,13,19,193,10.0,0.0,0.0,4.0
437,155399,Kansas State University,Manhattan,KS,5,-96.581077,39.188648,4,15,2019,339,7,16,198,12.0,0.0,0.0,1.0
438,155399,Kansas State University,Manhattan,KS,5,-96.581077,39.188648,4,15,2020,326,2,13,192,2.0,0.0,0.0,0.0
439,155399,Kansas State University,Manhattan,KS,5,-96.581077,39.188648,4,15,2021,283,6,13,149,2.0,0.0,0.0,1.0
440,155399,Kansas State University,Manhattan,KS,5,-96.581077,39.188648,4,15,2022,314,8,5,170,2.0,0.0,0.0,1.0
441,165015,Brandeis University,Waltham,MA,3,-71.260155,42.365727,1,15,2002,93,4,0,36,4.0,0.0,0.0,0.0
442,165015,Brandeis University,Waltham,MA,3,-71.260155,42.365727,1,15,2003,102,4,3,41,4.0,0.0,0.0,0.0
443,165015,Brandeis University,Waltham,MA,3,-71.260155,42.365727,1,15,2004,83,0,5,45,3.0,0.0,0.0,0.0
444,165015,Brandeis University,Waltham,MA,3,-71.260155,42.365727,1,15,2005,82,2,0,41,3.0,0.0,0.0,0.0
445,165015,Brandeis University,Waltham,MA,3,-71.260155,42.365727,1,15,2006,93,1,1,51,4.0,0.0,0.0,0.0
446,165015,Brandeis University,Waltham,MA,3,-71.260155,42.365727,1,15,2007,93,2,4,44,2.0,0.0,0.0,1.0
447,165015,Brandeis University,Waltham,MA,3,-71.260155,42.365727,1,15,2008,70,0,1,44,5.0,0.0,0.0,2.0
448,165015,Brandeis University,Waltham,MA,3,-71.260155,42.365727,1,15,2009,84,1,2,50,4.0,0.0,0.0,1.0
449,165015,Brandeis University,Waltham,MA,3,-71.260155,42.365727,1,15,2010,84,3,2,40,4.0,0.0,0.0,1.0
450,165015,Brandeis University,Waltham,MA,3,-71.260155,42.365727,1,15,2011,86,5,0,44,2.0,0.0,0.0,0.0
451,165015,Brandeis University,Waltham,MA,3,-71.260155,42.365727,1,15,2012,83,0,1,38,2.0,0.0,0.0,0.0
452,165015,Brandeis University,Waltham,MA,3,-71.260155,42.365727,1,15,2013,97,2,1,41,1.0,0.0,0.0,0.0
453,165015,Brandeis University,Waltham,MA,3,-71.260155,42.365727,1,15,2014,100,2,2,61,4.0,0.0,0.0,1.0
455,165015,Brandeis University,Waltham,MA,3,-71.260155,42.365727,1,15,2016,82,1,9,38,1.0,0.0,0.0,1.0
456,165015,Brandeis University,Waltham,MA,3,-71.260155,42.365727,1,15,2017,93,2,3,48,3.0,0.0,0.0,3.0
457,165015,Brandeis University,Waltham,MA,3,-71.260155,42.365727,1,15,2018,77,1,6,33,3.0,0.0,0.0,1.0
458,165015,Brandeis University,Waltham,MA,3,-71.260155,42.365727,1,15,2019,75,4,2,40,2.0,0.0,0.0,1.0
459,165015,Brandeis University,Waltham,MA,3,-71.260155,42.365727,1,15,2020,77,2,5,36,2.0,0.0,0.0,1.0
460,165015,Brandeis University,Waltham,MA,3,-71.260155,42.365727,1,15,2021,81,1,5,44,7.0,0.0,1.0,3.0
461,165015,Brandeis University,Waltham,MA,3,-71.260155,42.365727,1,15,2022,77,1,7,38,4.0,0.0,1.0,0.0
504,166027,Harvard University,Cambridge,MA,5,-71.118313,42.374471,1,15,2002,548,23,18,275,6.0,1.0,0.0,1.0
505,166027,Harvard University,Cambridge,MA,5,-71.118313,42.374471,1,15,2003,543,18,26,245,4.0,0.0,0.0,0.0
506,166027,Harvard University,Cambridge,MA,5,-71.118313,42.374471,1,15,2004,560,15,21,259,3.0,0.0,0.0,1.0
507,166027,Harvard University,Cambridge,MA,5,-71.118313,42.374471,1,15,2005,572,17,18,264,6.0,0.0,0.0,1.0
508,166027,Harvard University,Cambridge,MA,5,-71.118313,42.374471,1,15,2006,627,28,33,311,8.0,0.0,0.0,3.0
509,166027,Harvard University,Cambridge,MA,5,-71.118313,42.374471,1,15,2007,683,23,26,319,13.0,0.0,0.0,3.0
510,166027,Harvard University,Cambridge,MA,5,-71.118313,42.374471,1,15,2008,1401,107,68,675,10.0,0.0,0.0,2.0
511,166027,Harvard University,Cambridge,MA,5,-71.118313,42.374471,1,15,2009,1418,102,81,654,11.0,0.0,1.0,3.0
512,166027,Harvard University,Cambridge,MA,5,-71.118313,42.374471,1,15,2010,1468,107,81,700,14.0,0.0,0.0,3.0
513,166027,Harvard University,Cambridge,MA,5,-71.118313,42.374471,1,15,2011,1528,102,108,755,11.0,0.0,0.0,2.0
514,166027,Harvard University,Cambridge,MA,5,-71.118313,42.374471,1,15,2012,1512,88,106,732,5.0,0.0,0.0,2.0
515,166027,Harvard University,Cambridge,MA,5,-71.118313,42.374471,1,15,2013,1535,94,105,732,11.0,0.0,0.0,1.0
516,166027,Harvard University,Cambridge,MA,5,-71.118313,42.374471,1,15,2014,1534,79,90,709,10.0,0.0,0.0,3.0
517,166027,Harvard University,Cambridge,MA,5,-71.118313,42.374471,1,15,2015,1450,93,79,685,12.0,0.0,0.0,2.0
518,166027,Harvard University,Cambridge,MA,5,-71.118313,42.374471,1,15,2016,1474,110,74,723,7.0,0.0,0.0,0.0
519,166027,Harvard University,Cambridge,MA,5,-71.118313,42.374471,1,15,2017,1464,91,87,711,7.0,0.0,0.0,1.0
520,166027,Harvard University,Cambridge,MA,5,-71.118313,42.374471,1,15,2018,1596,107,121,791,21.0,0.0,0.0,7.0
521,166027,Harvard University,Cambridge,MA,5,-71.118313,42.374471,1,15,2019,1444,92,112,683,14.0,1.0,0.0,2.0
522,166027,Harvard University,Cambridge,MA,5,-71.118313,42.374471,1,15,2020,1464,75,118,702,11.0,0.0,1.0,1.0
523,166027,Harvard University,Cambridge,MA,5,-71.118313,42.374471,1,15,2021,1549,89,104,734,8.0,0.0,0.0,1.0
524,166027,Harvard University,Cambridge,MA,5,-71.118313,42.374471,1,15,2022,1573,63,133,785,18.0,0.0,0.0,4.0
546,166629,University of Massachusetts-Amherst,Amherst,MA,5,-72.526728,42.385999,1,15,2002,213,6,7,111,7.0,0.0,0.0,1.0
547,166629,University of Massachusetts-Amherst,Amherst,MA,5,-72.526728,42.385999,1,15,2003,287,10,11,124,18.0,0.0,0.0,4.0
548,166629,University of Massachusetts-Amherst,Amherst,MA,5,-72.526728,42.385999,1,15,2004,267,11,5,129,8.0,0.0,1.0,0.0
549,166629,University of Massachusetts-Amherst,Amherst,MA,5,-72.526728,42.385999,1,15,2005,274,14,12,137,12.0,0.0,0.0,3.0
550,166629,University of Massachusetts-Amherst,Amherst,MA,5,-72.526728,42.385999,1,15,2006,253,7,11,114,15.0,0.0,0.0,1.0
551,166629,University of Massachusetts-Amherst,Amherst,MA,5,-72.526728,42.385999,1,15,2007,293,12,10,136,25.0,0.0,0.0,7.0
552,166629,University of Massachusetts-Amherst,Amherst,MA,5,-72.526728,42.385999,1,15,2008,281,11,11,141,13.0,0.0,0.0,3.0
553,166629,University of Massachusetts-Amherst,Amherst,MA,5,-72.526728,42.385999,1,15,2009,255,13,8,107,11.0,1.0,0.0,2.0
554,166629,University of Massachusetts-Amherst,Amherst,MA,5,-72.526728,42.385999,1,15,2010,291,6,12,122,20.0,0.0,1.0,5.0
555,166629,University of Massachusetts-Amherst,Amherst,MA,5,-72.526728,42.385999,1,15,2011,367,22,23,203,15.0,0.0,0.0,4.0
556,166629,University of Massachusetts-Amherst,Amherst,MA,5,-72.526728,42.385999,1,15,2012,337,12,14,177,21.0,0.0,0.0,5.0
557,166629,University of Massachusetts-Amherst,Amherst,MA,5,-72.526728,42.385999,1,15,2013,306,9,13,158,19.0,1.0,0.0,2.0
558,166629,University of Massachusetts-Amherst,Amherst,MA,5,-72.526728,42.385999,1,15,2014,297,24,7,164,27.0,1.0,0.0,5.0
559,166629,University of Massachusetts-Amherst,Amherst,MA,5,-72.526728,42.385999,1,15,2015,282,14,9,142,20.0,0.0,0.0,2.0
560,166629,University of Massachusetts-Amherst,Amherst,MA,5,-72.526728,42.385999,1,15,2016,305,14,12,151,14.0,0.0,0.0,3.0
561,166629,University of Massachusetts-Amherst,Amherst,MA,5,-72.526728,42.385999,1,15,2017,334,15,22,163,23.0,0.0,0.0,3.0
562,166629,University of Massachusetts-Amherst,Amherst,MA,5,-72.526728,42.385999,1,15,2018,395,16,23,221,27.0,0.0,0.0,8.0
563,166629,University of Massachusetts-Amherst,Amherst,MA,5,-72.526728,42.385999,1,15,2019,319,19,15,179,16.0,0.0,1.0,7.0
564,166629,University of Massachusetts-Amherst,Amherst,MA,5,-72.526728,42.385999,1,15,2020,364,10,11,194,27.0,0.0,1.0,5.0
565,166629,University of Massachusetts-Amherst,Amherst,MA,5,-72.526728,42.385999,1,15,2021,355,22,18,212,14.0,0.0,0.0,4.0
566,166629,University of Massachusetts-Amherst,Amherst,MA,5,-72.526728,42.385999,1,15,2022,389,21,16,213,21.0,0.0,0.0,3.0
588,166683,Massachusetts Institute of Technology,Cambridge,MA,4,-71.093226,42.359243,1,15,2002,440,4,6,119,13.0,0.0,0.0,3.0
590,166683,Massachusetts Institute of Technology,Cambridge,MA,4,-71.093226,42.359243,1,15,2004,581,5,4,165,38.0,0.0,0.0,5.0
591,166683,Massachusetts Institute of Technology,Cambridge,MA,4,-71.093226,42.359243,1,15,2005,467,9,10,140,22.0,0.0,0.0,4.0
592,166683,Massachusetts Institute of Technology,Cambridge,MA,4,-71.093226,42.359243,1,15,2006,602,7,5,162,44.0,0.0,0.0,7.0
593,166683,Massachusetts Institute of Technology,Cambridge,MA,4,-71.093226,42.359243,1,15,2007,601,13,6,155,41.0,1.0,1.0,8.0
594,166683,Massachusetts Institute of Technology,Cambridge,MA,4,-71.093226,42.359243,1,15,2008,583,4,16,182,45.0,1.0,2.0,14.0
595,166683,Massachusetts Institute of Technology,Cambridge,MA,4,-71.093226,42.359243,1,15,2009,607,7,12,175,46.0,0.0,1.0,9.0
596,166683,Massachusetts Institute of Technology,Cambridge,MA,4,-71.093226,42.359243,1,15,2010,599,12,14,186,40.0,2.0,1.0,6.0
597,166683,Massachusetts Institute of Technology,Cambridge,MA,4,-71.093226,42.359243,1,15,2011,622,5,20,187,37.0,0.0,0.0,7.0
598,166683,Massachusetts Institute of Technology,Cambridge,MA,4,-71.093226,42.359243,1,15,2012,646,8,28,188,32.0,0.0,0.0,2.0
599,166683,Massachusetts Institute of Technology,Cambridge,MA,4,-71.093226,42.359243,1,15,2013,594,9,25,161,31.0,0.0,0.0,6.0
600,166683,Massachusetts Institute of Technology,Cambridge,MA,4,-71.093226,42.359243,1,15,2014,606,8,22,165,38.0,1.0,1.0,7.0
601,166683,Massachusetts Institute of Technology,Cambridge,MA,4,-71.093226,42.359243,1,15,2015,609,11,19,180,31.0,2.0,0.0,5.0
602,166683,Massachusetts Institute of Technology,Cambridge,MA,4,-71.093226,42.359243,1,15,2016,573,9,19,162,43.0,0.0,0.0,9.0
603,166683,Massachusetts Institute of Technology,Cambridge,MA,4,-71.093226,42.359243,1,15,2017,587,12,14,182,27.0,1.0,0.0,7.0
604,166683,Massachusetts Institute of Technology,Cambridge,MA,4,-71.093226,42.359243,1,15,2018,735,8,45,238,79.0,2.0,1.0,16.0
605,166683,Massachusetts Institute of Technology,Cambridge,MA,4,-71.093226,42.359243,1,15,2019,568,3,28,166,64.0,1.0,2.0,12.0
606,166683,Massachusetts Institute of Technology,Cambridge,MA,4,-71.093226,42.359243,1,15,2020,584,1,21,166,53.0,0.0,0.0,8.0
607,166683,Massachusetts Institute of Technology,Cambridge,MA,4,-71.093226,42.359243,1,15,2021,645,11,20,197,60.0,0.0,0.0,7.0
608,166683,Massachusetts Institute of Technology,Cambridge,MA,4,-71.093226,42.359243,1,15,2022,687,6,32,214,52.0,1.0,0.0,8.0
674,170976,University of Michigan-Ann Arbor,Ann Arbor,MI,5,-83.742769,42.275921,3,15,2004,730,33,28,296,1.0,0.0,0.0,0.0
675,170976,University of Michigan-Ann Arbor,Ann Arbor,MI,5,-83.742769,42.275921,3,15,2005,660,34,18,269,2.0,0.0,0.0,0.0
676,170976,University of Michigan-Ann Arbor,Ann Arbor,MI,5,-83.742769,42.275921,3,15,2006,768,45,25,318,6.0,0.0,0.0,2.0
677,170976,University of Michigan-Ann Arbor,Ann Arbor,MI,5,-83.742769,42.275921,3,15,2007,793,39,35,344,2.0,0.0,0.0,1.0
678,170976,University of Michigan-Ann Arbor,Ann Arbor,MI,5,-83.742769,42.275921,3,15,2008,1539,81,67,677,7.0,0.0,0.0,4.0
679,170976,University of Michigan-Ann Arbor,Ann Arbor,MI,5,-83.742769,42.275921,3,15,2009,1581,80,60,706,3.0,0.0,0.0,2.0
680,170976,University of Michigan-Ann Arbor,Ann Arbor,MI,5,-83.742769,42.275921,3,15,2010,1483,88,71,657,6.0,0.0,0.0,1.0
681,170976,University of Michigan-Ann Arbor,Ann Arbor,MI,5,-83.742769,42.275921,3,15,2011,1522,52,66,669,4.0,0.0,0.0,3.0
682,170976,University of Michigan-Ann Arbor,Ann Arbor,MI,5,-83.742769,42.275921,3,15,2012,1530,42,58,691,5.0,1.0,0.0,1.0
683,170976,University of Michigan-Ann Arbor,Ann Arbor,MI,5,-83.742769,42.275921,3,15,2013,1638,65,71,730,6.0,0.0,1.0,4.0
684,170976,University of Michigan-Ann Arbor,Ann Arbor,MI,5,-83.742769,42.275921,3,15,2014,1612,60,67,735,9.0,1.0,0.0,3.0
685,170976,University of Michigan-Ann Arbor,Ann Arbor,MI,5,-83.742769,42.275921,3,15,2015,1553,79,73,731,5.0,0.0,0.0,3.0
686,170976,University of Michigan-Ann Arbor,Ann Arbor,MI,5,-83.742769,42.275921,3,15,2016,1573,46,77,695,11.0,0.0,1.0,5.0
687,170976,University of Michigan-Ann Arbor,Ann Arbor,MI,5,-83.742769,42.275921,3,15,2017,1650,48,63,764,6.0,0.0,0.0,3.0
688,170976,University of Michigan-Ann Arbor,Ann Arbor,MI,5,-83.742769,42.275921,3,15,2018,1630,63,85,804,10.0,0.0,0.0,4.0
689,170976,University of Michigan-Ann Arbor,Ann Arbor,MI,5,-83.742769,42.275921,3,15,2019,1562,75,101,796,7.0,0.0,0.0,2.0
690,170976,University of Michigan-Ann Arbor,Ann Arbor,MI,5,-83.742769,42.275921,3,15,2020,1626,60,105,757,10.0,0.0,2.0,5.0
691,170976,University of Michigan-Ann Arbor,Ann Arbor,MI,5,-83.742769,42.275921,3,15,2021,1556,56,70,698,8.0,1.0,1.0,5.0
692,170976,University of Michigan-Ann Arbor,Ann Arbor,MI,5,-83.742769,42.275921,3,15,2022,1533,53,67,719,4.0,0.0,0.0,2.0
693,171128,Michigan Technological University,Houghton,MI,3,-88.548092,47.11866,3,16,2002,38,0,0,9,2.0,0.0,0.0,1.0
695,171128,Michigan Technological University,Houghton,MI,3,-88.548092,47.11866,3,16,2004,44,0,0,13,1.0,0.0,0.0,0.0
696,171128,Michigan Technological University,Houghton,MI,3,-88.548092,47.11866,3,16,2005,42,0,0,14,1.0,0.0,0.0,0.0
697,171128,Michigan Technological University,Houghton,MI,3,-88.548092,47.11866,3,16,2006,41,1,0,9,2.0,0.0,0.0,0.0
698,171128,Michigan Technological University,Houghton,MI,3,-88.548092,47.11866,3,16,2007,65,1,0,21,4.0,0.0,0.0,1.0
699,171128,Michigan Technological University,Houghton,MI,3,-88.548092,47.11866,3,16,2008,56,0,0,21,1.0,0.0,0.0,0.0
701,171128,Michigan Technological University,Houghton,MI,3,-88.548092,47.11866,3,16,2010,54,0,2,19,1.0,0.0,0.0,0.0
702,171128,Michigan Technological University,Houghton,MI,3,-88.548092,47.11866,3,16,2011,88,2,0,32,3.0,0.0,0.0,1.0
703,171128,Michigan Technological University,Houghton,MI,3,-88.548092,47.11866,3,16,2012,86,2,0,30,5.0,0.0,0.0,1.0
704,171128,Michigan Technological University,Houghton,MI,3,-88.548092,47.11866,3,16,2013,73,0,1,22,1.0,0.0,0.0,0.0
705,171128,Michigan Technological University,Houghton,MI,3,-88.548092,47.11866,3,16,2014,75,1,0,20,4.0,0.0,0.0,1.0
706,171128,Michigan Technological University,Houghton,MI,3,-88.548092,47.11866,3,16,2015,55,1,0,20,1.0,0.0,0.0,0.0
707,171128,Michigan Technological University,Houghton,MI,3,-88.548092,47.11866,3,16,2016,63,1,1,20,2.0,0.0,0.0,1.0
708,171128,Michigan Technological University,Houghton,MI,3,-88.548092,47.11866,3,16,2017,75,1,1,24,1.0,0.0,0.0,0.0
710,171128,Michigan Technological University,Houghton,MI,3,-88.548092,47.11866,3,16,2019,84,0,1,26,5.0,0.0,0.0,2.0
711,171128,Michigan Technological University,Houghton,MI,3,-88.548092,47.11866,3,16,2020,85,2,1,26,1.0,0.0,0.0,0.0
712,171128,Michigan Technological University,Houghton,MI,3,-88.548092,47.11866,3,16,2021,93,0,0,27,4.0,0.0,0.0,0.0
713,171128,Michigan Technological University,Houghton,MI,3,-88.548092,47.11866,3,16,2022,86,1,1,25,1.0,0.0,0.0,1.0
721,171571,Oakland University,Rochester Hills,MI,4,-83.216418,42.674573,3,16,2009,93,8,2,62,1.0,0.0,0.0,1.0
723,171571,Oakland University,Rochester Hills,MI,4,-83.216418,42.674573,3,16,2011,177,7,3,100,1.0,0.0,0.0,1.0
724,171571,Oakland University,Rochester Hills,MI,4,-83.216418,42.674573,3,16,2012,170,9,6,89,5.0,0.0,0.0,0.0
725,171571,Oakland University,Rochester Hills,MI,4,-83.216418,42.674573,3,16,2013,107,9,1,65,5.0,0.0,0.0,0.0
726,171571,Oakland University,Rochester Hills,MI,4,-83.216418,42.674573,3,16,2014,143,5,4,81,3.0,0.0,0.0,2.0
727,171571,Oakland University,Rochester Hills,MI,4,-83.216418,42.674573,3,16,2015,105,5,1,75,2.0,0.0,0.0,0.0
729,171571,Oakland University,Rochester Hills,MI,4,-83.216418,42.674573,3,16,2017,106,10,2,78,2.0,0.0,0.0,0.0
730,171571,Oakland University,Rochester Hills,MI,4,-83.216418,42.674573,3,16,2018,245,12,9,128,1.0,0.0,0.0,0.0
731,171571,Oakland University,Rochester Hills,MI,4,-83.216418,42.674573,3,16,2019,229,18,10,136,11.0,0.0,0.0,6.0
732,171571,Oakland University,Rochester Hills,MI,4,-83.216418,42.674573,3,16,2020,221,11,6,121,13.0,0.0,0.0,3.0
733,171571,Oakland University,Rochester Hills,MI,4,-83.216418,42.674573,3,16,2021,206,15,3,111,6.0,0.0,0.0,2.0
734,171571,Oakland University,Rochester Hills,MI,4,-83.216418,42.674573,3,16,2022,240,14,4,111,12.0,0.0,0.0,4.0
735,172699,Western Michigan University,Kalamazoo,MI,4,-85.613759,42.282194,3,15,2002,86,10,2,42,1.0,0.0,0.0,0.0
738,172699,Western Michigan University,Kalamazoo,MI,4,-85.613759,42.282194,3,15,2005,75,7,2,41,1.0,0.0,0.0,0.0
739,172699,Western Michigan University,Kalamazoo,MI,4,-85.613759,42.282194,3,15,2006,68,2,1,26,3.0,0.0,0.0,0.0
740,172699,Western Michigan University,Kalamazoo,MI,4,-85.613759,42.282194,3,15,2007,95,5,2,45,2.0,0.0,0.0,0.0
741,172699,Western Michigan University,Kalamazoo,MI,4,-85.613759,42.282194,3,15,2008,110,8,1,62,2.0,0.0,0.0,0.0
743,172699,Western Michigan University,Kalamazoo,MI,4,-85.613759,42.282194,3,15,2010,111,8,0,58,2.0,0.0,0.0,1.0
744,172699,Western Michigan University,Kalamazoo,MI,4,-85.613759,42.282194,3,15,2011,131,13,5,61,2.0,0.0,1.0,0.0
745,172699,Western Michigan University,Kalamazoo,MI,4,-85.613759,42.282194,3,15,2012,125,5,6,58,3.0,0.0,0.0,1.0
746,172699,Western Michigan University,Kalamazoo,MI,4,-85.613759,42.282194,3,15,2013,126,10,4,61,3.0,0.0,0.0,1.0
748,172699,Western Michigan University,Kalamazoo,MI,4,-85.613759,42.282194,3,15,2015,128,10,1,71,3.0,0.0,0.0,0.0
749,172699,Western Michigan University,Kalamazoo,MI,4,-85.613759,42.282194,3,15,2016,117,12,3,64,2.0,0.0,0.0,1.0
750,172699,Western Michigan University,Kalamazoo,MI,4,-85.613759,42.282194,3,15,2017,114,9,1,55,2.0,0.0,0.0,0.0
751,172699,Western Michigan University,Kalamazoo,MI,4,-85.613759,42.282194,3,15,2018,159,10,5,82,2.0,0.0,0.0,2.0
752,172699,Western Michigan University,Kalamazoo,MI,4,-85.613759,42.282194,3,15,2019,124,11,6,62,6.0,0.0,0.0,1.0
753,172699,Western Michigan University,Kalamazoo,MI,4,-85.613759,42.282194,3,15,2020,148,6,5,89,9.0,0.0,0.0,3.0
754,172699,Western Michigan University,Kalamazoo,MI,4,-85.613759,42.282194,3,15,2021,130,2,3,63,8.0,0.0,0.0,0.0
755,172699,Western Michigan University,Kalamazoo,MI,4,-85.613759,42.282194,3,15,2022,122,8,4,65,8.0,0.0,0.0,2.0
882,181464,University of Nebraska-Lincoln,Lincoln,NE,5,-96.700508,40.817598,4,15,2002,254,8,6,123,2.0,0.0,0.0,1.0
883,181464,University of Nebraska-Lincoln,Lincoln,NE,5,-96.700508,40.817598,4,15,2003,213,2,1,96,1.0,0.0,0.0,0.0
884,181464,University of Nebraska-Lincoln,Lincoln,NE,5,-96.700508,40.817598,4,15,2004,234,11,7,110,10.0,0.0,0.0,1.0
885,181464,University of Nebraska-Lincoln,Lincoln,NE,5,-96.700508,40.817598,4,15,2005,236,6,6,99,2.0,0.0,0.0,1.0
886,181464,University of Nebraska-Lincoln,Lincoln,NE,5,-96.700508,40.817598,4,15,2006,245,6,6,121,7.0,0.0,0.0,2.0
887,181464,University of Nebraska-Lincoln,Lincoln,NE,5,-96.700508,40.817598,4,15,2007,274,5,5,132,17.0,0.0,0.0,4.0
888,181464,University of Nebraska-Lincoln,Lincoln,NE,5,-96.700508,40.817598,4,15,2008,417,11,6,206,8.0,0.0,0.0,2.0
889,181464,University of Nebraska-Lincoln,Lincoln,NE,5,-96.700508,40.817598,4,15,2009,400,15,11,202,7.0,0.0,0.0,1.0
890,181464,University of Nebraska-Lincoln,Lincoln,NE,5,-96.700508,40.817598,4,15,2010,382,7,9,187,5.0,0.0,0.0,0.0
891,181464,University of Nebraska-Lincoln,Lincoln,NE,5,-96.700508,40.817598,4,15,2011,417,7,18,207,3.0,0.0,0.0,0.0
892,181464,University of Nebraska-Lincoln,Lincoln,NE,5,-96.700508,40.817598,4,15,2012,442,10,9,215,6.0,0.0,0.0,0.0
893,181464,University of Nebraska-Lincoln,Lincoln,NE,5,-96.700508,40.817598,4,15,2013,447,6,16,221,5.0,0.0,0.0,2.0
894,181464,University of Nebraska-Lincoln,Lincoln,NE,5,-96.700508,40.817598,4,15,2014,464,10,15,210,5.0,0.0,0.0,1.0
895,181464,University of Nebraska-Lincoln,Lincoln,NE,5,-96.700508,40.817598,4,15,2015,426,13,13,182,6.0,0.0,0.0,2.0
896,181464,University of Nebraska-Lincoln,Lincoln,NE,5,-96.700508,40.817598,4,15,2016,392,9,7,174,7.0,0.0,0.0,2.0
897,181464,University of Nebraska-Lincoln,Lincoln,NE,5,-96.700508,40.817598,4,15,2017,464,10,15,210,5.0,0.0,0.0,1.0
898,181464,University of Nebraska-Lincoln,Lincoln,NE,5,-96.700508,40.817598,4,15,2018,456,10,23,235,12.0,0.0,0.0,3.0
899,181464,University of Nebraska-Lincoln,Lincoln,NE,5,-96.700508,40.817598,4,15,2019,403,9,26,204,4.0,0.0,0.0,1.0
900,181464,University of Nebraska-Lincoln,Lincoln,NE,5,-96.700508,40.817598,4,15,2020,436,4,16,208,4.0,1.0,0.0,0.0
901,181464,University of Nebraska-Lincoln,Lincoln,NE,5,-96.700508,40.817598,4,15,2021,398,13,13,188,7.0,0.0,0.0,2.0
902,181464,University of Nebraska-Lincoln,Lincoln,NE,5,-96.700508,40.817598,4,15,2022,452,6,19,201,8.0,0.0,0.0,1.0
907,182281,University of Nevada-Las Vegas,Las Vegas,NV,5,-115.138462,36.106047,8,16,2006,60,0,1,28,1.0,0.0,0.0,1.0
912,182281,University of Nevada-Las Vegas,Las Vegas,NV,5,-115.138462,36.106047,8,16,2011,360,17,37,175,1.0,0.0,0.0,0.0
916,182281,University of Nevada-Las Vegas,Las Vegas,NV,5,-115.138462,36.106047,8,16,2015,355,5,18,152,1.0,0.0,1.0,0.0
918,182281,University of Nevada-Las Vegas,Las Vegas,NV,5,-115.138462,36.106047,8,16,2017,360,15,16,182,1.0,0.0,0.0,0.0
919,182281,University of Nevada-Las Vegas,Las Vegas,NV,5,-115.138462,36.106047,8,16,2018,494,31,71,266,1.0,0.0,0.0,0.0
921,182281,University of Nevada-Las Vegas,Las Vegas,NV,5,-115.138462,36.106047,8,16,2020,415,20,55,215,5.0,0.0,1.0,0.0
922,182281,University of Nevada-Las Vegas,Las Vegas,NV,5,-115.138462,36.106047,8,16,2021,333,9,29,161,3.0,0.0,1.0,0.0
923,182281,University of Nevada-Las Vegas,Las Vegas,NV,5,-115.138462,36.106047,8,16,2022,378,19,43,189,2.0,0.0,0.0,2.0
924,187985,University of New Mexico-Main Campus,Albuquerque,NM,5,-106.620155,35.083868,6,15,2002,162,4,14,81,4.0,0.0,0.0,0.0
925,187985,University of New Mexico-Main Campus,Albuquerque,NM,5,-106.620155,35.083868,6,15,2003,189,0,16,89,3.0,0.0,0.0,1.0
926,187985,University of New Mexico-Main Campus,Albuquerque,NM,5,-106.620155,35.083868,6,15,2004,205,1,25,97,7.0,0.0,0.0,2.0
927,187985,University of New Mexico-Main Campus,Albuquerque,NM,5,-106.620155,35.083868,6,15,2005,195,9,20,91,3.0,0.0,0.0,0.0
928,187985,University of New Mexico-Main Campus,Albuquerque,NM,5,-106.620155,35.083868,6,15,2006,181,2,16,85,4.0,0.0,0.0,1.0
929,187985,University of New Mexico-Main Campus,Albuquerque,NM,5,-106.620155,35.083868,6,15,2007,185,6,20,93,7.0,0.0,0.0,1.0
930,187985,University of New Mexico-Main Campus,Albuquerque,NM,5,-106.620155,35.083868,6,15,2008,471,10,100,249,8.0,0.0,0.0,2.0
931,187985,University of New Mexico-Main Campus,Albuquerque,NM,5,-106.620155,35.083868,6,15,2009,480,12,97,241,9.0,0.0,0.0,0.0
932,187985,University of New Mexico-Main Campus,Albuquerque,NM,5,-106.620155,35.083868,6,15,2010,435,10,101,229,5.0,0.0,0.0,3.0
933,187985,University of New Mexico-Main Campus,Albuquerque,NM,5,-106.620155,35.083868,6,15,2011,530,10,143,263,7.0,0.0,0.0,1.0
934,187985,University of New Mexico-Main Campus,Albuquerque,NM,5,-106.620155,35.083868,6,15,2012,520,9,142,278,9.0,0.0,0.0,1.0
935,187985,University of New Mexico-Main Campus,Albuquerque,NM,5,-106.620155,35.083868,6,15,2013,519,7,123,278,11.0,0.0,0.0,3.0
936,187985,University of New Mexico-Main Campus,Albuquerque,NM,5,-106.620155,35.083868,6,15,2014,550,8,133,299,8.0,0.0,0.0,3.0
937,187985,University of New Mexico-Main Campus,Albuquerque,NM,5,-106.620155,35.083868,6,15,2015,468,10,107,250,2.0,0.0,0.0,0.0
938,187985,University of New Mexico-Main Campus,Albuquerque,NM,5,-106.620155,35.083868,6,15,2016,496,13,107,263,5.0,1.0,0.0,0.0
939,187985,University of New Mexico-Main Campus,Albuquerque,NM,5,-106.620155,35.083868,6,15,2017,487,10,104,256,6.0,0.0,0.0,0.0
940,187985,University of New Mexico-Main Campus,Albuquerque,NM,5,-106.620155,35.083868,6,15,2018,502,9,142,283,1.0,0.0,0.0,0.0
941,187985,University of New Mexico-Main Campus,Albuquerque,NM,5,-106.620155,35.083868,6,15,2019,440,9,128,250,3.0,0.0,0.0,2.0
942,187985,University of New Mexico-Main Campus,Albuquerque,NM,5,-106.620155,35.083868,6,15,2020,523,8,148,292,7.0,0.0,0.0,1.0
943,187985,University of New Mexico-Main Campus,Albuquerque,NM,5,-106.620155,35.083868,6,15,2021,519,13,129,256,7.0,0.0,1.0,2.0
944,187985,University of New Mexico-Main Campus,Albuquerque,NM,5,-106.620155,35.083868,6,15,2022,540,11,158,271,7.0,0.0,1.0,1.0
975,190044,Clarkson University,Potsdam,NY,2,-74.999359,44.662716,2,16,2011,56,0,1,21,1.0,0.0,0.0,0.0
977,190044,Clarkson University,Potsdam,NY,2,-74.999359,44.662716,2,16,2013,57,2,1,24,2.0,0.0,0.0,0.0
980,190044,Clarkson University,Potsdam,NY,2,-74.999359,44.662716,2,16,2016,41,0,1,18,1.0,0.0,0.0,0.0
982,190044,Clarkson University,Potsdam,NY,2,-74.999359,44.662716,2,16,2018,61,2,3,23,3.0,0.0,0.0,1.0
983,190044,Clarkson University,Potsdam,NY,2,-74.999359,44.662716,2,16,2019,53,5,0,28,2.0,0.0,0.0,0.0
986,190044,Clarkson University,Potsdam,NY,2,-74.999359,44.662716,2,16,2022,59,2,2,28,1.0,0.0,0.0,1.0
1092,204796,Ohio State University-Main Campus,Columbus,OH,5,-83.014853,39.999324,3,15,2002,575,34,7,255,7.0,0.0,0.0,0.0
1093,204796,Ohio State University-Main Campus,Columbus,OH,5,-83.014853,39.999324,3,15,2003,624,33,13,277,5.0,0.0,1.0,0.0
1094,204796,Ohio State University-Main Campus,Columbus,OH,5,-83.014853,39.999324,3,15,2004,591,19,13,261,9.0,0.0,0.0,0.0
1095,204796,Ohio State University-Main Campus,Columbus,OH,5,-83.014853,39.999324,3,15,2005,561,19,3,236,7.0,0.0,0.0,1.0
1096,204796,Ohio State University-Main Campus,Columbus,OH,5,-83.014853,39.999324,3,15,2006,665,11,8,292,17.0,0.0,0.0,4.0
1097,204796,Ohio State University-Main Campus,Columbus,OH,5,-83.014853,39.999324,3,15,2007,667,28,5,327,17.0,0.0,0.0,3.0
1099,204796,Ohio State University-Main Campus,Columbus,OH,5,-83.014853,39.999324,3,15,2009,1618,66,31,822,24.0,0.0,0.0,2.0
1100,204796,Ohio State University-Main Campus,Columbus,OH,5,-83.014853,39.999324,3,15,2010,1611,61,24,773,31.0,0.0,0.0,5.0
1136,207971,University of Tulsa,Tulsa,OK,2,-95.945941,36.152324,6,16,2004,30,0,0,13,4.0,0.0,0.0,1.0
1137,207971,University of Tulsa,Tulsa,OK,2,-95.945941,36.152324,6,16,2005,13,0,0,8,2.0,0.0,0.0,1.0
1139,207971,University of Tulsa,Tulsa,OK,2,-95.945941,36.152324,6,16,2007,36,0,0,12,6.0,0.0,0.0,3.0
1140,207971,University of Tulsa,Tulsa,OK,2,-95.945941,36.152324,6,16,2008,156,3,3,66,2.0,0.0,0.0,0.0
1141,207971,University of Tulsa,Tulsa,OK,2,-95.945941,36.152324,6,16,2009,187,2,3,73,2.0,0.0,0.0,1.0
1142,207971,University of Tulsa,Tulsa,OK,2,-95.945941,36.152324,6,16,2010,190,8,5,67,4.0,0.0,1.0,0.0
1143,207971,University of Tulsa,Tulsa,OK,2,-95.945941,36.152324,6,16,2011,131,3,5,64,7.0,0.0,0.0,1.0
1144,207971,University of Tulsa,Tulsa,OK,2,-95.945941,36.152324,6,16,2012,116,3,5,62,3.0,0.0,0.0,3.0
1145,207971,University of Tulsa,Tulsa,OK,2,-95.945941,36.152324,6,16,2013,129,3,2,59,6.0,0.0,0.0,3.0
1146,207971,University of Tulsa,Tulsa,OK,2,-95.945941,36.152324,6,16,2014,127,1,1,44,6.0,0.0,0.0,0.0
1147,207971,University of Tulsa,Tulsa,OK,2,-95.945941,36.152324,6,16,2015,147,2,5,70,3.0,0.0,0.0,1.0
1148,207971,University of Tulsa,Tulsa,OK,2,-95.945941,36.152324,6,16,2016,160,2,4,50,7.0,0.0,0.0,1.0
1150,207971,University of Tulsa,Tulsa,OK,2,-95.945941,36.152324,6,16,2018,157,6,6,80,6.0,0.0,0.0,3.0
1151,207971,University of Tulsa,Tulsa,OK,2,-95.945941,36.152324,6,16,2019,154,5,7,77,4.0,0.0,0.0,2.0
1152,207971,University of Tulsa,Tulsa,OK,2,-95.945941,36.152324,6,16,2020,157,5,7,80,5.0,0.0,0.0,1.0
1153,207971,University of Tulsa,Tulsa,OK,2,-95.945941,36.152324,6,16,2021,116,4,5,50,1.0,0.0,0.0,0.0
1154,207971,University of Tulsa,Tulsa,OK,2,-95.945941,36.152324,6,16,2022,132,4,5,53,5.0,0.0,0.0,2.0
1176,209542,Oregon State University,Corvallis,OR,5,-123.274723,44.56395,8,15,2002,171,0,3,76,1.0,0.0,0.0,0.0
1177,209542,Oregon State University,Corvallis,OR,5,-123.274723,44.56395,8,15,2003,158,2,2,72,4.0,0.0,0.0,0.0
1178,209542,Oregon State University,Corvallis,OR,5,-123.274723,44.56395,8,15,2004,159,3,2,72,2.0,0.0,0.0,0.0
1179,209542,Oregon State University,Corvallis,OR,5,-123.274723,44.56395,8,15,2005,173,1,2,72,3.0,0.0,0.0,1.0
1180,209542,Oregon State University,Corvallis,OR,5,-123.274723,44.56395,8,15,2006,167,2,4,74,1.0,0.0,0.0,0.0
1181,209542,Oregon State University,Corvallis,OR,5,-123.274723,44.56395,8,15,2007,180,1,1,84,5.0,0.0,0.0,2.0
1182,209542,Oregon State University,Corvallis,OR,5,-123.274723,44.56395,8,15,2008,312,1,11,158,8.0,0.0,0.0,2.0
1183,209542,Oregon State University,Corvallis,OR,5,-123.274723,44.56395,8,15,2009,308,7,5,161,3.0,0.0,0.0,0.0
1184,209542,Oregon State University,Corvallis,OR,5,-123.274723,44.56395,8,15,2010,291,4,7,144,5.0,0.0,0.0,1.0
1185,209542,Oregon State University,Corvallis,OR,5,-123.274723,44.56395,8,15,2011,403,7,13,201,19.0,0.0,0.0,1.0
1186,209542,Oregon State University,Corvallis,OR,5,-123.274723,44.56395,8,15,2012,365,6,14,195,5.0,0.0,0.0,0.0
1187,209542,Oregon State University,Corvallis,OR,5,-123.274723,44.56395,8,15,2013,346,2,12,185,12.0,0.0,0.0,2.0
1188,209542,Oregon State University,Corvallis,OR,5,-123.274723,44.56395,8,15,2014,355,1,11,188,7.0,0.0,1.0,1.0
1189,209542,Oregon State University,Corvallis,OR,5,-123.274723,44.56395,8,15,2015,318,6,2,161,4.0,0.0,0.0,2.0
1190,209542,Oregon State University,Corvallis,OR,5,-123.274723,44.56395,8,15,2016,350,4,10,181,5.0,0.0,0.0,1.0
1191,209542,Oregon State University,Corvallis,OR,5,-123.274723,44.56395,8,15,2017,355,2,9,192,6.0,0.0,0.0,1.0
1192,209542,Oregon State University,Corvallis,OR,5,-123.274723,44.56395,8,15,2018,468,10,32,262,20.0,0.0,1.0,5.0
1193,209542,Oregon State University,Corvallis,OR,5,-123.274723,44.56395,8,15,2019,403,9,27,222,13.0,0.0,0.0,4.0
1194,209542,Oregon State University,Corvallis,OR,5,-123.274723,44.56395,8,15,2020,410,4,24,217,17.0,0.0,0.0,7.0
1195,209542,Oregon State University,Corvallis,OR,5,-123.274723,44.56395,8,15,2021,385,3,10,181,7.0,0.0,0.0,0.0
1196,209542,Oregon State University,Corvallis,OR,5,-123.274723,44.56395,8,15,2022,448,6,28,210,12.0,0.0,0.0,3.0
1197,209551,University of Oregon,Eugene,OR,5,-123.075792,44.045146,8,15,2002,156,1,4,73,3.0,0.0,0.0,0.0
1198,209551,University of Oregon,Eugene,OR,5,-123.075792,44.045146,8,15,2003,137,0,5,69,3.0,0.0,0.0,1.0
1199,209551,University of Oregon,Eugene,OR,5,-123.075792,44.045146,8,15,2004,127,1,5,68,1.0,0.0,0.0,1.0
1200,209551,University of Oregon,Eugene,OR,5,-123.075792,44.045146,8,15,2005,164,1,7,87,2.0,0.0,0.0,0.0
1201,209551,University of Oregon,Eugene,OR,5,-123.075792,44.045146,8,15,2006,175,3,6,97,3.0,0.0,0.0,1.0
1202,209551,University of Oregon,Eugene,OR,5,-123.075792,44.045146,8,15,2007,170,2,7,89,7.0,0.0,1.0,1.0
1203,209551,University of Oregon,Eugene,OR,5,-123.075792,44.045146,8,15,2008,346,3,7,160,3.0,0.0,0.0,0.0
1204,209551,University of Oregon,Eugene,OR,5,-123.075792,44.045146,8,15,2009,334,10,11,147,5.0,0.0,0.0,1.0
1205,209551,University of Oregon,Eugene,OR,5,-123.075792,44.045146,8,15,2010,333,10,10,150,2.0,0.0,0.0,0.0
1206,209551,University of Oregon,Eugene,OR,5,-123.075792,44.045146,8,15,2011,305,6,19,134,8.0,0.0,0.0,0.0
1207,209551,University of Oregon,Eugene,OR,5,-123.075792,44.045146,8,15,2012,291,5,13,128,2.0,0.0,0.0,0.0
1208,209551,University of Oregon,Eugene,OR,5,-123.075792,44.045146,8,15,2013,339,9,11,170,2.0,0.0,0.0,0.0
1209,209551,University of Oregon,Eugene,OR,5,-123.075792,44.045146,8,15,2014,320,6,22,155,1.0,0.0,0.0,0.0
1210,209551,University of Oregon,Eugene,OR,5,-123.075792,44.045146,8,15,2015,323,8,16,157,2.0,0.0,0.0,1.0
1211,209551,University of Oregon,Eugene,OR,5,-123.075792,44.045146,8,15,2016,331,4,10,148,6.0,0.0,0.0,0.0
1212,209551,University of Oregon,Eugene,OR,5,-123.075792,44.045146,8,15,2017,318,8,10,151,2.0,0.0,0.0,0.0
1213,209551,University of Oregon,Eugene,OR,5,-123.075792,44.045146,8,15,2018,356,6,31,190,11.0,0.0,0.0,1.0
1214,209551,University of Oregon,Eugene,OR,5,-123.075792,44.045146,8,15,2019,300,6,20,161,4.0,0.0,0.0,0.0
1215,209551,University of Oregon,Eugene,OR,5,-123.075792,44.045146,8,15,2020,338,6,27,174,6.0,0.0,0.0,2.0
1216,209551,University of Oregon,Eugene,OR,5,-123.075792,44.045146,8,15,2021,298,5,23,153,3.0,0.0,0.0,0.0
1217,209551,University of Oregon,Eugene,OR,5,-123.075792,44.045146,8,15,2022,284,4,20,147,4.0,0.0,0.0,2.0
1222,209807,Portland State University,Portland,OR,5,-122.686289,45.511601,8,16,2006,41,0,1,17,1.0,0.0,0.0,0.0
1223,209807,Portland State University,Portland,OR,5,-122.686289,45.511601,8,16,2007,36,0,1,21,4.0,0.0,0.0,2.0
1224,209807,Portland State University,Portland,OR,5,-122.686289,45.511601,8,16,2008,50,0,3,29,2.0,0.0,0.0,1.0
1225,209807,Portland State University,Portland,OR,5,-122.686289,45.511601,8,16,2009,68,3,1,29,5.0,0.0,0.0,1.0
1226,209807,Portland State University,Portland,OR,5,-122.686289,45.511601,8,16,2010,45,0,2,31,2.0,0.0,0.0,2.0
1227,209807,Portland State University,Portland,OR,5,-122.686289,45.511601,8,16,2011,78,1,4,39,5.0,0.0,0.0,4.0
1228,209807,Portland State University,Portland,OR,5,-122.686289,45.511601,8,16,2012,82,1,6,38,4.0,0.0,0.0,0.0
1229,209807,Portland State University,Portland,OR,5,-122.686289,45.511601,8,16,2013,86,0,3,49,5.0,0.0,0.0,1.0
1230,209807,Portland State University,Portland,OR,5,-122.686289,45.511601,8,16,2014,77,1,1,41,6.0,0.0,0.0,0.0
1231,209807,Portland State University,Portland,OR,5,-122.686289,45.511601,8,16,2015,56,1,4,26,3.0,0.0,0.0,0.0
1232,209807,Portland State University,Portland,OR,5,-122.686289,45.511601,8,16,2016,65,1,2,38,7.0,0.0,0.0,2.0
1233,209807,Portland State University,Portland,OR,5,-122.686289,45.511601,8,16,2017,78,2,3,42,3.0,0.0,0.0,0.0
1234,209807,Portland State University,Portland,OR,5,-122.686289,45.511601,8,16,2018,104,3,2,62,1.0,0.0,0.0,0.0
1235,209807,Portland State University,Portland,OR,5,-122.686289,45.511601,8,16,2019,95,2,4,53,4.0,0.0,0.0,0.0
1236,209807,Portland State University,Portland,OR,5,-122.686289,45.511601,8,16,2020,97,6,8,52,7.0,0.0,1.0,0.0
1237,209807,Portland State University,Portland,OR,5,-122.686289,45.511601,8,16,2021,96,4,5,51,2.0,0.0,0.0,1.0
1238,209807,Portland State University,Portland,OR,5,-122.686289,45.511601,8,16,2022,83,1,6,42,1.0,0.0,0.0,0.0
1323,212054,Drexel University,Philadelphia,PA,5,-75.190051,39.955217,2,16,2002,108,1,0,49,3.0,0.0,0.0,0.0
1324,212054,Drexel University,Philadelphia,PA,5,-75.190051,39.955217,2,16,2003,86,2,0,42,1.0,0.0,0.0,0.0
1325,212054,Drexel University,Philadelphia,PA,5,-75.190051,39.955217,2,16,2004,122,1,2,64,2.0,0.0,0.0,1.0
1326,212054,Drexel University,Philadelphia,PA,5,-75.190051,39.955217,2,16,2005,111,8,2,63,3.0,0.0,0.0,2.0
1327,212054,Drexel University,Philadelphia,PA,5,-75.190051,39.955217,2,16,2006,141,6,1,81,5.0,0.0,0.0,1.0
1328,212054,Drexel University,Philadelphia,PA,5,-75.190051,39.955217,2,16,2007,134,2,4,67,2.0,0.0,0.0,0.0
1329,212054,Drexel University,Philadelphia,PA,5,-75.190051,39.955217,2,16,2008,572,28,18,308,9.0,1.0,0.0,5.0
1330,212054,Drexel University,Philadelphia,PA,5,-75.190051,39.955217,2,16,2009,558,28,19,306,11.0,0.0,0.0,5.0
1331,212054,Drexel University,Philadelphia,PA,5,-75.190051,39.955217,2,16,2010,394,19,15,208,9.0,1.0,0.0,5.0
1332,212054,Drexel University,Philadelphia,PA,5,-75.190051,39.955217,2,16,2011,699,37,29,384,11.0,0.0,0.0,7.0
1333,212054,Drexel University,Philadelphia,PA,5,-75.190051,39.955217,2,16,2012,702,48,32,352,12.0,0.0,1.0,4.0
1334,212054,Drexel University,Philadelphia,PA,5,-75.190051,39.955217,2,16,2013,644,33,29,333,12.0,0.0,1.0,3.0
1335,212054,Drexel University,Philadelphia,PA,5,-75.190051,39.955217,2,16,2014,675,32,32,339,12.0,2.0,0.0,6.0
1336,212054,Drexel University,Philadelphia,PA,5,-75.190051,39.955217,2,16,2015,632,30,19,326,11.0,0.0,0.0,5.0
1337,212054,Drexel University,Philadelphia,PA,5,-75.190051,39.955217,2,16,2016,621,26,37,306,9.0,0.0,0.0,4.0
1338,212054,Drexel University,Philadelphia,PA,5,-75.190051,39.955217,2,16,2017,682,55,22,338,12.0,1.0,0.0,4.0
1339,212054,Drexel University,Philadelphia,PA,5,-75.190051,39.955217,2,16,2018,729,58,44,414,12.0,0.0,1.0,6.0
1340,212054,Drexel University,Philadelphia,PA,5,-75.190051,39.955217,2,16,2019,731,53,38,408,7.0,0.0,0.0,3.0
1341,212054,Drexel University,Philadelphia,PA,5,-75.190051,39.955217,2,16,2020,658,47,28,350,13.0,0.0,0.0,5.0
1342,212054,Drexel University,Philadelphia,PA,5,-75.190051,39.955217,2,16,2021,696,42,32,391,15.0,1.0,0.0,7.0
1343,212054,Drexel University,Philadelphia,PA,5,-75.190051,39.955217,2,16,2022,680,43,31,364,6.0,0.0,0.0,2.0
1386,215293,University of Pittsburgh-Pittsburgh Campus,Pittsburgh,PA,5,-79.953254,40.444388,2,15,2002,348,17,8,154,8.0,0.0,0.0,2.0
1387,215293,University of Pittsburgh-Pittsburgh Campus,Pittsburgh,PA,5,-79.953254,40.444388,2,15,2003,336,13,8,173,11.0,0.0,0.0,2.0
1388,215293,University of Pittsburgh-Pittsburgh Campus,Pittsburgh,PA,5,-79.953254,40.444388,2,15,2004,372,15,4,162,18.0,0.0,0.0,4.0
1389,215293,University of Pittsburgh-Pittsburgh Campus,Pittsburgh,PA,5,-79.953254,40.444388,2,15,2005,382,15,5,207,10.0,0.0,0.0,3.0
1390,215293,University of Pittsburgh-Pittsburgh Campus,Pittsburgh,PA,5,-79.953254,40.444388,2,15,2006,412,14,5,195,10.0,0.0,0.0,0.0
1391,215293,University of Pittsburgh-Pittsburgh Campus,Pittsburgh,PA,5,-79.953254,40.444388,2,15,2007,410,15,3,221,12.0,0.0,0.0,2.0
1392,215293,University of Pittsburgh-Pittsburgh Campus,Pittsburgh,PA,5,-79.953254,40.444388,2,15,2008,944,35,15,478,16.0,0.0,0.0,5.0
1393,215293,University of Pittsburgh-Pittsburgh Campus,Pittsburgh,PA,5,-79.953254,40.444388,2,15,2009,1022,41,28,500,18.0,0.0,0.0,7.0
1394,215293,University of Pittsburgh-Pittsburgh Campus,Pittsburgh,PA,5,-79.953254,40.444388,2,15,2010,1026,35,18,516,21.0,0.0,0.0,4.0
1395,215293,University of Pittsburgh-Pittsburgh Campus,Pittsburgh,PA,5,-79.953254,40.444388,2,15,2011,1073,50,37,539,17.0,0.0,0.0,3.0
1396,215293,University of Pittsburgh-Pittsburgh Campus,Pittsburgh,PA,5,-79.953254,40.444388,2,15,2012,1087,44,33,571,25.0,0.0,4.0,6.0
1397,215293,University of Pittsburgh-Pittsburgh Campus,Pittsburgh,PA,5,-79.953254,40.444388,2,15,2013,1135,44,32,541,25.0,0.0,0.0,4.0
1398,215293,University of Pittsburgh-Pittsburgh Campus,Pittsburgh,PA,5,-79.953254,40.444388,2,15,2014,1090,61,27,581,20.0,1.0,0.0,5.0
1399,215293,University of Pittsburgh-Pittsburgh Campus,Pittsburgh,PA,5,-79.953254,40.444388,2,15,2015,1113,35,24,589,23.0,0.0,0.0,2.0
1400,215293,University of Pittsburgh-Pittsburgh Campus,Pittsburgh,PA,5,-79.953254,40.444388,2,15,2016,1059,37,18,509,15.0,0.0,0.0,6.0
1401,215293,University of Pittsburgh-Pittsburgh Campus,Pittsburgh,PA,5,-79.953254,40.444388,2,15,2017,1086,35,25,537,8.0,0.0,0.0,3.0
1402,215293,University of Pittsburgh-Pittsburgh Campus,Pittsburgh,PA,5,-79.953254,40.444388,2,15,2018,1133,52,42,656,21.0,1.0,0.0,7.0
1403,215293,University of Pittsburgh-Pittsburgh Campus,Pittsburgh,PA,5,-79.953254,40.444388,2,15,2019,1075,41,44,626,15.0,0.0,0.0,2.0
1404,215293,University of Pittsburgh-Pittsburgh Campus,Pittsburgh,PA,5,-79.953254,40.444388,2,15,2020,1113,54,38,631,18.0,0.0,0.0,5.0
1405,215293,University of Pittsburgh-Pittsburgh Campus,Pittsburgh,PA,5,-79.953254,40.444388,2,15,2021,1040,44,35,553,22.0,0.0,0.0,3.0
1406,215293,University of Pittsburgh-Pittsburgh Campus,Pittsburgh,PA,5,-79.953254,40.444388,2,15,2022,997,40,36,539,10.0,0.0,0.0,5.0
1407,215655,Robert Morris University,Moon Township,PA,2,-80.210468,40.520415,2,21,2002,13,0,0,4,13.0,0.0,0.0,4.0
1408,215655,Robert Morris University,Moon Township,PA,2,-80.210468,40.520415,2,21,2003,13,1,0,9,13.0,1.0,0.0,9.0
1409,215655,Robert Morris University,Moon Township,PA,2,-80.210468,40.520415,2,21,2004,14,0,0,4,14.0,0.0,0.0,4.0
1410,215655,Robert Morris University,Moon Township,PA,2,-80.210468,40.520415,2,21,2005,13,0,0,4,13.0,0.0,0.0,4.0
1411,215655,Robert Morris University,Moon Township,PA,2,-80.210468,40.520415,2,21,2006,6,0,0,1,6.0,0.0,0.0,1.0
1412,215655,Robert Morris University,Moon Township,PA,2,-80.210468,40.520415,2,21,2007,6,0,0,1,5.0,0.0,0.0,1.0
1413,215655,Robert Morris University,Moon Township,PA,2,-80.210468,40.520415,2,21,2008,52,5,0,38,16.0,3.0,0.0,6.0
1414,215655,Robert Morris University,Moon Township,PA,2,-80.210468,40.520415,2,21,2009,22,6,0,15,8.0,1.0,0.0,4.0
1415,215655,Robert Morris University,Moon Township,PA,2,-80.210468,40.520415,2,21,2010,15,1,0,6,9.0,1.0,0.0,3.0
1416,215655,Robert Morris University,Moon Township,PA,2,-80.210468,40.520415,2,21,2011,59,4,0,45,11.0,2.0,0.0,4.0
1417,215655,Robert Morris University,Moon Township,PA,2,-80.210468,40.520415,2,21,2012,51,4,0,32,14.0,1.0,0.0,4.0
1418,215655,Robert Morris University,Moon Township,PA,2,-80.210468,40.520415,2,21,2013,66,7,0,46,14.0,1.0,0.0,2.0
1419,215655,Robert Morris University,Moon Township,PA,2,-80.210468,40.520415,2,21,2014,71,6,0,38,15.0,1.0,0.0,1.0
1420,215655,Robert Morris University,Moon Township,PA,2,-80.210468,40.520415,2,21,2015,91,7,1,65,20.0,5.0,0.0,8.0
1421,215655,Robert Morris University,Moon Township,PA,2,-80.210468,40.520415,2,21,2016,62,8,0,47,12.0,1.0,0.0,5.0
1422,215655,Robert Morris University,Moon Township,PA,2,-80.210468,40.520415,2,21,2017,56,3,0,41,15.0,1.0,0.0,4.0
1423,215655,Robert Morris University,Moon Township,PA,2,-80.210468,40.520415,2,21,2018,54,5,0,41,8.0,0.0,0.0,1.0
1424,215655,Robert Morris University,Moon Township,PA,2,-80.210468,40.520415,2,21,2019,47,8,1,27,7.0,3.0,0.0,4.0
1425,215655,Robert Morris University,Moon Township,PA,2,-80.210468,40.520415,2,21,2020,64,6,1,41,11.0,2.0,0.0,2.0
1426,215655,Robert Morris University,Moon Township,PA,2,-80.210468,40.520415,2,21,2021,57,3,0,40,10.0,2.0,0.0,3.0
1427,215655,Robert Morris University,Moon Township,PA,2,-80.210468,40.520415,2,21,2022,68,10,1,47,14.0,5.0,0.0,4.0
1533,221759,The University of Tennessee-Knoxville,Knoxville,TN,5,-83.925852,35.952082,5,15,2002,262,13,1,132,2.0,0.0,0.0,0.0
1534,221759,The University of Tennessee-Knoxville,Knoxville,TN,5,-83.925852,35.952082,5,15,2003,276,14,5,140,1.0,0.0,0.0,0.0
1536,221759,The University of Tennessee-Knoxville,Knoxville,TN,5,-83.925852,35.952082,5,15,2005,280,14,3,141,3.0,0.0,0.0,0.0
1537,221759,The University of Tennessee-Knoxville,Knoxville,TN,5,-83.925852,35.952082,5,15,2006,317,16,7,158,3.0,0.0,0.0,1.0
1538,221759,The University of Tennessee-Knoxville,Knoxville,TN,5,-83.925852,35.952082,5,15,2007,347,18,1,180,5.0,0.0,0.0,2.0
1539,221759,The University of Tennessee-Knoxville,Knoxville,TN,5,-83.925852,35.952082,5,15,2008,1024,73,23,560,7.0,0.0,0.0,1.0
1540,221759,The University of Tennessee-Knoxville,Knoxville,TN,5,-83.925852,35.952082,5,15,2009,994,97,14,536,10.0,0.0,1.0,3.0
1541,221759,The University of Tennessee-Knoxville,Knoxville,TN,5,-83.925852,35.952082,5,15,2010,912,64,8,484,4.0,0.0,0.0,2.0
1542,221759,The University of Tennessee-Knoxville,Knoxville,TN,5,-83.925852,35.952082,5,15,2011,562,18,18,278,11.0,0.0,0.0,3.0
1543,221759,The University of Tennessee-Knoxville,Knoxville,TN,5,-83.925852,35.952082,5,15,2012,593,30,21,300,6.0,0.0,0.0,0.0
1544,221759,The University of Tennessee-Knoxville,Knoxville,TN,5,-83.925852,35.952082,5,15,2013,1054,71,20,499,3.0,0.0,0.0,1.0
1545,221759,The University of Tennessee-Knoxville,Knoxville,TN,5,-83.925852,35.952082,5,15,2014,572,29,7,289,5.0,0.0,0.0,3.0
1546,221759,The University of Tennessee-Knoxville,Knoxville,TN,5,-83.925852,35.952082,5,15,2015,1002,103,16,525,3.0,0.0,0.0,0.0
1547,221759,The University of Tennessee-Knoxville,Knoxville,TN,5,-83.925852,35.952082,5,15,2016,1110,88,17,605,3.0,0.0,0.0,0.0
1548,221759,The University of Tennessee-Knoxville,Knoxville,TN,5,-83.925852,35.952082,5,15,2017,1104,78,24,576,8.0,0.0,0.0,1.0
1549,221759,The University of Tennessee-Knoxville,Knoxville,TN,5,-83.925852,35.952082,5,15,2018,603,26,27,314,6.0,0.0,0.0,1.0
1550,221759,The University of Tennessee-Knoxville,Knoxville,TN,5,-83.925852,35.952082,5,15,2019,609,33,30,335,7.0,0.0,0.0,0.0
1551,221759,The University of Tennessee-Knoxville,Knoxville,TN,5,-83.925852,35.952082,5,15,2020,620,34,30,321,8.0,0.0,0.0,1.0
1552,221759,The University of Tennessee-Knoxville,Knoxville,TN,5,-83.925852,35.952082,5,15,2021,594,33,25,295,1.0,0.0,0.0,1.0
1553,221759,The University of Tennessee-Knoxville,Knoxville,TN,5,-83.925852,35.952082,5,15,2022,580,29,25,290,7.0,0.0,0.0,2.0
1596,228723,Texas A & M University-College Station,College Station,TX,5,-96.336475,30.618726,6,15,2002,442,11,20,149,8.0,0.0,0.0,0.0
1597,228723,Texas A & M University-College Station,College Station,TX,5,-96.336475,30.618726,6,15,2003,504,15,29,171,6.0,0.0,0.0,1.0
1598,228723,Texas A & M University-College Station,College Station,TX,5,-96.336475,30.618726,6,15,2004,528,14,21,185,14.0,0.0,0.0,4.0
1599,228723,Texas A & M University-College Station,College Station,TX,5,-96.336475,30.618726,6,15,2005,515,7,15,165,7.0,0.0,0.0,1.0
1600,228723,Texas A & M University-College Station,College Station,TX,5,-96.336475,30.618726,6,15,2006,535,14,21,182,18.0,0.0,0.0,4.0
1601,228723,Texas A & M University-College Station,College Station,TX,5,-96.336475,30.618726,6,15,2007,598,20,23,219,13.0,0.0,1.0,2.0
1602,228723,Texas A & M University-College Station,College Station,TX,5,-96.336475,30.618726,6,15,2008,703,13,45,338,19.0,0.0,1.0,4.0
1603,228723,Texas A & M University-College Station,College Station,TX,5,-96.336475,30.618726,6,15,2009,717,20,45,316,20.0,0.0,0.0,6.0
1604,228723,Texas A & M University-College Station,College Station,TX,5,-96.336475,30.618726,6,15,2010,723,27,38,300,19.0,0.0,0.0,3.0
1605,228723,Texas A & M University-College Station,College Station,TX,5,-96.336475,30.618726,6,15,2011,1443,66,169,675,14.0,0.0,1.0,2.0
1606,228723,Texas A & M University-College Station,College Station,TX,5,-96.336475,30.618726,6,15,2012,1423,65,163,669,17.0,1.0,0.0,3.0
1607,228723,Texas A & M University-College Station,College Station,TX,5,-96.336475,30.618726,6,15,2013,1439,57,135,648,20.0,1.0,0.0,1.0
1608,228723,Texas A & M University-College Station,College Station,TX,5,-96.336475,30.618726,6,15,2014,1488,64,151,724,6.0,0.0,0.0,3.0
1609,228723,Texas A & M University-College Station,College Station,TX,5,-96.336475,30.618726,6,15,2015,739,42,54,348,16.0,1.0,0.0,3.0
1610,228723,Texas A & M University-College Station,College Station,TX,5,-96.336475,30.618726,6,15,2016,790,37,45,368,21.0,1.0,2.0,5.0
1611,228723,Texas A & M University-College Station,College Station,TX,5,-96.336475,30.618726,6,15,2017,824,34,79,367,9.0,0.0,0.0,3.0
1612,228723,Texas A & M University-College Station,College Station,TX,5,-96.336475,30.618726,6,15,2018,1462,47,180,737,17.0,0.0,1.0,2.0
1613,228723,Texas A & M University-College Station,College Station,TX,5,-96.336475,30.618726,6,15,2019,1460,58,183,720,22.0,1.0,1.0,3.0
1614,228723,Texas A & M University-College Station,College Station,TX,5,-96.336475,30.618726,6,15,2020,1471,57,173,708,14.0,0.0,0.0,3.0
1615,228723,Texas A & M University-College Station,College Station,TX,5,-96.336475,30.618726,6,15,2021,1426,72,164,661,10.0,0.0,1.0,2.0
1616,228723,Texas A & M University-College Station,College Station,TX,5,-96.336475,30.618726,6,15,2022,1441,58,175,676,9.0,0.0,0.0,2.0
1618,228769,The University of Texas at Arlington,Arlington,TX,5,-97.11296,32.729718,6,15,2003,72,3,2,29,2.0,0.0,0.0,0.0
1619,228769,The University of Texas at Arlington,Arlington,TX,5,-97.11296,32.729718,6,15,2004,86,4,6,27,2.0,0.0,0.0,0.0
1621,228769,The University of Texas at Arlington,Arlington,TX,5,-97.11296,32.729718,6,15,2006,88,3,2,32,2.0,0.0,0.0,1.0
1622,228769,The University of Texas at Arlington,Arlington,TX,5,-97.11296,32.729718,6,15,2007,124,1,5,44,5.0,0.0,0.0,1.0
1623,228769,The University of Texas at Arlington,Arlington,TX,5,-97.11296,32.729718,6,15,2008,131,6,8,49,7.0,1.0,0.0,1.0
1624,228769,The University of Texas at Arlington,Arlington,TX,5,-97.11296,32.729718,6,15,2009,113,6,5,43,6.0,0.0,0.0,1.0
1625,228769,The University of Texas at Arlington,Arlington,TX,5,-97.11296,32.729718,6,15,2010,142,11,4,43,3.0,0.0,0.0,0.0
1626,228769,The University of Texas at Arlington,Arlington,TX,5,-97.11296,32.729718,6,15,2011,220,13,9,89,14.0,0.0,0.0,1.0
1627,228769,The University of Texas at Arlington,Arlington,TX,5,-97.11296,32.729718,6,15,2012,192,14,11,66,15.0,0.0,0.0,3.0
1628,228769,The University of Texas at Arlington,Arlington,TX,5,-97.11296,32.729718,6,15,2013,220,14,5,90,18.0,0.0,0.0,4.0
1629,228769,The University of Texas at Arlington,Arlington,TX,5,-97.11296,32.729718,6,15,2014,205,20,12,94,7.0,0.0,0.0,0.0
1630,228769,The University of Texas at Arlington,Arlington,TX,5,-97.11296,32.729718,6,15,2015,117,6,4,50,8.0,0.0,0.0,2.0
1631,228769,The University of Texas at Arlington,Arlington,TX,5,-97.11296,32.729718,6,15,2016,170,13,9,65,6.0,1.0,0.0,1.0
1632,228769,The University of Texas at Arlington,Arlington,TX,5,-97.11296,32.729718,6,15,2017,149,10,4,52,7.0,0.0,0.0,3.0
1633,228769,The University of Texas at Arlington,Arlington,TX,5,-97.11296,32.729718,6,15,2018,311,41,25,177,17.0,0.0,0.0,6.0
1634,228769,The University of Texas at Arlington,Arlington,TX,5,-97.11296,32.729718,6,15,2019,276,22,18,135,17.0,0.0,0.0,3.0
1635,228769,The University of Texas at Arlington,Arlington,TX,5,-97.11296,32.729718,6,15,2020,265,31,13,133,16.0,0.0,0.0,3.0
1636,228769,The University of Texas at Arlington,Arlington,TX,5,-97.11296,32.729718,6,15,2021,198,9,7,79,10.0,0.0,0.0,2.0
1637,228769,The University of Texas at Arlington,Arlington,TX,5,-97.11296,32.729718,6,15,2022,212,17,7,90,9.0,0.0,0.0,1.0
1638,228778,The University of Texas at Austin,Austin,TX,5,-97.738273,30.282825,6,15,2002,674,20,29,313,11.0,0.0,0.0,3.0
1639,228778,The University of Texas at Austin,Austin,TX,5,-97.738273,30.282825,6,15,2003,639,16,36,277,12.0,0.0,1.0,0.0
1640,228778,The University of Texas at Austin,Austin,TX,5,-97.738273,30.282825,6,15,2004,719,28,42,309,13.0,0.0,0.0,2.0
1641,228778,The University of Texas at Austin,Austin,TX,5,-97.738273,30.282825,6,15,2005,702,16,31,297,15.0,0.0,0.0,0.0
1642,228778,The University of Texas at Austin,Austin,TX,5,-97.738273,30.282825,6,15,2006,796,24,51,361,16.0,0.0,0.0,1.0
1643,228778,The University of Texas at Austin,Austin,TX,5,-97.738273,30.282825,6,15,2007,779,18,41,331,27.0,0.0,0.0,1.0
1644,228778,The University of Texas at Austin,Austin,TX,5,-97.738273,30.282825,6,15,2008,1382,51,145,619,27.0,0.0,0.0,6.0
1645,228778,The University of Texas at Austin,Austin,TX,5,-97.738273,30.282825,6,15,2009,1379,39,144,627,21.0,0.0,0.0,3.0
1646,228778,The University of Texas at Austin,Austin,TX,5,-97.738273,30.282825,6,15,2010,1439,52,157,615,32.0,0.0,0.0,2.0
1647,228778,The University of Texas at Austin,Austin,TX,5,-97.738273,30.282825,6,15,2011,1284,50,129,593,31.0,0.0,1.0,9.0
1648,228778,The University of Texas at Austin,Austin,TX,5,-97.738273,30.282825,6,15,2012,1386,42,135,615,25.0,0.0,1.0,3.0
1649,228778,The University of Texas at Austin,Austin,TX,5,-97.738273,30.282825,6,15,2013,1378,53,145,631,26.0,0.0,0.0,4.0
1650,228778,The University of Texas at Austin,Austin,TX,5,-97.738273,30.282825,6,15,2014,1379,51,156,609,26.0,0.0,1.0,5.0
1651,228778,The University of Texas at Austin,Austin,TX,5,-97.738273,30.282825,6,15,2015,1309,48,144,647,27.0,0.0,0.0,3.0
1652,228778,The University of Texas at Austin,Austin,TX,5,-97.738273,30.282825,6,15,2016,1372,62,158,609,24.0,0.0,0.0,3.0
1653,228778,The University of Texas at Austin,Austin,TX,5,-97.738273,30.282825,6,15,2017,1351,44,147,618,15.0,0.0,0.0,3.0
1654,228778,The University of Texas at Austin,Austin,TX,5,-97.738273,30.282825,6,15,2018,1260,51,134,585,26.0,0.0,0.0,5.0
1655,228778,The University of Texas at Austin,Austin,TX,5,-97.738273,30.282825,6,15,2019,1290,42,165,620,32.0,0.0,1.0,5.0
1656,228778,The University of Texas at Austin,Austin,TX,5,-97.738273,30.282825,6,15,2020,1310,35,153,615,19.0,0.0,0.0,5.0
1657,228778,The University of Texas at Austin,Austin,TX,5,-97.738273,30.282825,6,15,2021,1260,48,129,578,24.0,0.0,0.0,8.0
1658,228778,The University of Texas at Austin,Austin,TX,5,-97.738273,30.282825,6,15,2022,1302,42,125,593,21.0,0.0,2.0,1.0
1702,230038,Brigham Young University,Provo,UT,5,-111.649281,40.250851,7,15,2003,63,0,2,19,2.0,0.0,0.0,0.0
1703,230038,Brigham Young University,Provo,UT,5,-111.649281,40.250851,7,15,2004,75,0,1,20,1.0,0.0,0.0,0.0
1704,230038,Brigham Young University,Provo,UT,5,-111.649281,40.250851,7,15,2005,82,0,2,16,5.0,0.0,0.0,2.0
1705,230038,Brigham Young University,Provo,UT,5,-111.649281,40.250851,7,15,2006,79,0,0,29,4.0,0.0,0.0,1.0
1706,230038,Brigham Young University,Provo,UT,5,-111.649281,40.250851,7,15,2007,80,1,0,33,4.0,0.0,0.0,1.0
1707,230038,Brigham Young University,Provo,UT,5,-111.649281,40.250851,7,15,2008,211,1,8,68,4.0,0.0,0.0,1.0
1708,230038,Brigham Young University,Provo,UT,5,-111.649281,40.250851,7,15,2009,223,2,8,80,4.0,0.0,0.0,2.0
1709,230038,Brigham Young University,Provo,UT,5,-111.649281,40.250851,7,15,2010,230,2,11,74,3.0,0.0,0.0,0.0
1710,230038,Brigham Young University,Provo,UT,5,-111.649281,40.250851,7,15,2011,223,3,8,83,5.0,0.0,0.0,0.0
1711,230038,Brigham Young University,Provo,UT,5,-111.649281,40.250851,7,15,2012,253,1,12,94,3.0,0.0,0.0,0.0
1712,230038,Brigham Young University,Provo,UT,5,-111.649281,40.250851,7,15,2013,225,2,22,78,7.0,0.0,1.0,1.0
1713,230038,Brigham Young University,Provo,UT,5,-111.649281,40.250851,7,15,2014,227,2,17,73,5.0,0.0,0.0,0.0
1714,230038,Brigham Young University,Provo,UT,5,-111.649281,40.250851,7,15,2015,247,5,12,79,6.0,0.0,0.0,0.0
1715,230038,Brigham Young University,Provo,UT,5,-111.649281,40.250851,7,15,2016,239,0,10,78,3.0,0.0,0.0,0.0
1716,230038,Brigham Young University,Provo,UT,5,-111.649281,40.250851,7,15,2017,246,2,14,88,5.0,0.0,0.0,2.0
1717,230038,Brigham Young University,Provo,UT,5,-111.649281,40.250851,7,15,2018,231,2,15,84,2.0,0.0,0.0,0.0
1718,230038,Brigham Young University,Provo,UT,5,-111.649281,40.250851,7,15,2019,192,1,14,84,3.0,0.0,0.0,0.0
1719,230038,Brigham Young University,Provo,UT,5,-111.649281,40.250851,7,15,2020,212,1,7,77,5.0,0.0,0.0,2.0
1721,230038,Brigham Young University,Provo,UT,5,-111.649281,40.250851,7,15,2022,230,1,12,81,6.0,0.0,0.0,1.0
1764,232982,Old Dominion University,Norfolk,VA,5,-76.30666,36.886418,5,15,2002,67,3,2,20,6.0,0.0,0.0,0.0
1765,232982,Old Dominion University,Norfolk,VA,5,-76.30666,36.886418,5,15,2003,63,7,0,23,2.0,0.0,0.0,0.0
1766,232982,Old Dominion University,Norfolk,VA,5,-76.30666,36.886418,5,15,2004,82,3,1,38,5.0,0.0,0.0,1.0
1767,232982,Old Dominion University,Norfolk,VA,5,-76.30666,36.886418,5,15,2005,78,4,1,37,2.0,0.0,0.0,1.0
1768,232982,Old Dominion University,Norfolk,VA,5,-76.30666,36.886418,5,15,2006,87,6,0,46,2.0,0.0,0.0,0.0
1769,232982,Old Dominion University,Norfolk,VA,5,-76.30666,36.886418,5,15,2007,101,3,2,59,3.0,0.0,0.0,1.0
1770,232982,Old Dominion University,Norfolk,VA,5,-76.30666,36.886418,5,15,2008,188,13,3,118,1.0,0.0,0.0,0.0
1771,232982,Old Dominion University,Norfolk,VA,5,-76.30666,36.886418,5,15,2009,122,16,1,79,4.0,0.0,0.0,1.0
1772,232982,Old Dominion University,Norfolk,VA,5,-76.30666,36.886418,5,15,2010,106,6,2,50,2.0,0.0,0.0,0.0
1773,232982,Old Dominion University,Norfolk,VA,5,-76.30666,36.886418,5,15,2011,230,24,10,135,7.0,0.0,0.0,2.0
1774,232982,Old Dominion University,Norfolk,VA,5,-76.30666,36.886418,5,15,2012,240,18,3,140,7.0,0.0,0.0,1.0
1775,232982,Old Dominion University,Norfolk,VA,5,-76.30666,36.886418,5,15,2013,190,18,6,104,3.0,0.0,0.0,0.0
1776,232982,Old Dominion University,Norfolk,VA,5,-76.30666,36.886418,5,15,2014,254,29,6,151,6.0,0.0,0.0,2.0
1777,232982,Old Dominion University,Norfolk,VA,5,-76.30666,36.886418,5,15,2015,200,16,5,119,3.0,0.0,0.0,0.0
1778,232982,Old Dominion University,Norfolk,VA,5,-76.30666,36.886418,5,15,2016,208,19,1,127,2.0,0.0,0.0,0.0
1779,232982,Old Dominion University,Norfolk,VA,5,-76.30666,36.886418,5,15,2017,188,20,7,117,3.0,0.0,0.0,0.0
1780,232982,Old Dominion University,Norfolk,VA,5,-76.30666,36.886418,5,15,2018,210,22,7,130,3.0,0.0,0.0,0.0
1781,232982,Old Dominion University,Norfolk,VA,5,-76.30666,36.886418,5,15,2019,233,33,11,147,5.0,0.0,0.0,2.0
1782,232982,Old Dominion University,Norfolk,VA,5,-76.30666,36.886418,5,15,2020,216,20,9,123,2.0,0.0,0.0,0.0
1783,232982,Old Dominion University,Norfolk,VA,5,-76.30666,36.886418,5,15,2021,231,22,7,124,6.0,0.0,0.0,0.0
1784,232982,Old Dominion University,Norfolk,VA,5,-76.30666,36.886418,5,15,2022,209,14,7,134,4.0,0.0,0.0,2.0
1785,233921,Virginia Polytechnic Institute and State University,Blacksburg,VA,5,-80.423675,37.229012,5,15,2002,272,13,8,101,1.0,0.0,0.0,0.0
1786,233921,Virginia Polytechnic Institute and State University,Blacksburg,VA,5,-80.423675,37.229012,5,15,2003,326,23,5,118,3.0,0.0,0.0,0.0
1787,233921,Virginia Polytechnic Institute and State University,Blacksburg,VA,5,-80.423675,37.229012,5,15,2004,329,23,5,101,12.0,2.0,0.0,2.0
1788,233921,Virginia Polytechnic Institute and State University,Blacksburg,VA,5,-80.423675,37.229012,5,15,2005,290,12,2,104,6.0,0.0,0.0,1.0
1789,233921,Virginia Polytechnic Institute and State University,Blacksburg,VA,5,-80.423675,37.229012,5,15,2006,366,26,6,140,11.0,1.0,0.0,3.0
1790,233921,Virginia Polytechnic Institute and State University,Blacksburg,VA,5,-80.423675,37.229012,5,15,2007,356,17,3,123,16.0,0.0,0.0,5.0
1791,233921,Virginia Polytechnic Institute and State University,Blacksburg,VA,5,-80.423675,37.229012,5,15,2008,490,39,11,215,12.0,0.0,0.0,3.0
1792,233921,Virginia Polytechnic Institute and State University,Blacksburg,VA,5,-80.423675,37.229012,5,15,2009,521,30,12,240,17.0,0.0,1.0,4.0
1793,233921,Virginia Polytechnic Institute and State University,Blacksburg,VA,5,-80.423675,37.229012,5,15,2010,429,19,2,207,18.0,1.0,0.0,6.0
1794,233921,Virginia Polytechnic Institute and State University,Blacksburg,VA,5,-80.423675,37.229012,5,15,2011,635,27,19,281,32.0,0.0,0.0,7.0
1795,233921,Virginia Polytechnic Institute and State University,Blacksburg,VA,5,-80.423675,37.229012,5,15,2012,608,26,18,292,22.0,0.0,0.0,7.0
1796,233921,Virginia Polytechnic Institute and State University,Blacksburg,VA,5,-80.423675,37.229012,5,15,2013,590,24,12,270,18.0,1.0,0.0,6.0
1797,233921,Virginia Polytechnic Institute and State University,Blacksburg,VA,5,-80.423675,37.229012,5,15,2014,593,27,13,257,25.0,1.0,1.0,7.0
1798,233921,Virginia Polytechnic Institute and State University,Blacksburg,VA,5,-80.423675,37.229012,5,15,2015,499,31,6,231,16.0,0.0,0.0,3.0
1799,233921,Virginia Polytechnic Institute and State University,Blacksburg,VA,5,-80.423675,37.229012,5,15,2016,560,24,14,260,16.0,0.0,0.0,5.0
1800,233921,Virginia Polytechnic Institute and State University,Blacksburg,VA,5,-80.423675,37.229012,5,15,2017,572,28,4,250,32.0,0.0,0.0,7.0
1801,233921,Virginia Polytechnic Institute and State University,Blacksburg,VA,5,-80.423675,37.229012,5,15,2018,657,35,18,297,22.0,1.0,0.0,4.0
1802,233921,Virginia Polytechnic Institute and State University,Blacksburg,VA,5,-80.423675,37.229012,5,15,2019,655,29,26,304,33.0,1.0,0.0,10.0
1803,233921,Virginia Polytechnic Institute and State University,Blacksburg,VA,5,-80.423675,37.229012,5,15,2020,725,35,25,350,28.0,0.0,0.0,6.0
1804,233921,Virginia Polytechnic Institute and State University,Blacksburg,VA,5,-80.423675,37.229012,5,15,2021,594,19,16,254,26.0,0.0,1.0,5.0
1805,233921,Virginia Polytechnic Institute and State University,Blacksburg,VA,5,-80.423675,37.229012,5,15,2022,629,24,13,279,21.0,0.0,0.0,5.0
1843,239105,Marquette University,Milwaukee,WI,4,-87.927961,43.03903,3,15,2018,414,10,35,231,5.0,0.0,0.0,2.0
1844,239105,Marquette University,Milwaukee,WI,4,-87.927961,43.03903,3,15,2019,431,13,42,234,1.0,0.0,0.0,0.0
1869,240444,University of Wisconsin-Madison,Madison,WI,5,-89.404098,43.075409,3,15,2002,656,22,11,265,9.0,0.0,0.0,1.0
1870,240444,University of Wisconsin-Madison,Madison,WI,5,-89.404098,43.075409,3,15,2003,655,11,20,274,16.0,0.0,0.0,4.0
1871,240444,University of Wisconsin-Madison,Madison,WI,5,-89.404098,43.075409,3,15,2004,671,6,19,287,15.0,0.0,0.0,1.0
1872,240444,University of Wisconsin-Madison,Madison,WI,5,-89.404098,43.075409,3,15,2005,628,6,17,246,10.0,0.0,0.0,0.0
1873,240444,University of Wisconsin-Madison,Madison,WI,5,-89.404098,43.075409,3,15,2006,651,11,16,274,10.0,0.0,0.0,1.0
1874,240444,University of Wisconsin-Madison,Madison,WI,5,-89.404098,43.075409,3,15,2007,777,15,21,332,20.0,0.0,0.0,1.0
1875,240444,University of Wisconsin-Madison,Madison,WI,5,-89.404098,43.075409,3,15,2008,1358,33,51,673,14.0,0.0,0.0,2.0
1876,240444,University of Wisconsin-Madison,Madison,WI,5,-89.404098,43.075409,3,15,2009,1432,59,52,687,20.0,1.0,1.0,2.0
1877,240444,University of Wisconsin-Madison,Madison,WI,5,-89.404098,43.075409,3,15,2010,1407,42,39,692,29.0,1.0,0.0,6.0
1878,240444,University of Wisconsin-Madison,Madison,WI,5,-89.404098,43.075409,3,15,2011,1435,36,66,708,26.0,0.0,0.0,3.0
1879,240444,University of Wisconsin-Madison,Madison,WI,5,-89.404098,43.075409,3,15,2012,1461,38,55,696,35.0,1.0,0.0,5.0
1880,240444,University of Wisconsin-Madison,Madison,WI,5,-89.404098,43.075409,3,15,2013,1498,46,39,771,23.0,0.0,0.0,4.0
1881,240444,University of Wisconsin-Madison,Madison,WI,5,-89.404098,43.075409,3,15,2014,1506,37,51,751,23.0,0.0,0.0,3.0
1882,240444,University of Wisconsin-Madison,Madison,WI,5,-89.404098,43.075409,3,15,2015,1418,37,43,714,13.0,0.0,0.0,4.0
1883,240444,University of Wisconsin-Madison,Madison,WI,5,-89.404098,43.075409,3,15,2016,1519,40,54,773,14.0,0.0,1.0,2.0
1884,240444,University of Wisconsin-Madison,Madison,WI,5,-89.404098,43.075409,3,15,2017,1444,51,43,751,24.0,1.0,0.0,2.0
1885,240444,University of Wisconsin-Madison,Madison,WI,5,-89.404098,43.075409,3,15,2018,1481,36,76,789,22.0,0.0,0.0,3.0
1886,240444,University of Wisconsin-Madison,Madison,WI,5,-89.404098,43.075409,3,15,2019,1462,38,78,748,13.0,0.0,0.0,2.0
1887,240444,University of Wisconsin-Madison,Madison,WI,5,-89.404098,43.075409,3,15,2020,1351,40,73,700,22.0,0.0,0.0,1.0
1888,240444,University of Wisconsin-Madison,Madison,WI,5,-89.404098,43.075409,3,15,2021,1482,46,69,749,20.0,0.0,0.0,2.0
1889,240444,University of Wisconsin-Madison,Madison,WI,5,-89.404098,43.075409,3,15,2022,1546,36,65,761,21.0,0.0,0.0,1.0
1899,240453,University of Wisconsin-Milwaukee,Milwaukee,WI,5,-87.880488,43.076848,3,15,2011,245,12,11,145,2.0,0.0,0.0,1.0
1900,240453,University of Wisconsin-Milwaukee,Milwaukee,WI,5,-87.880488,43.076848,3,15,2012,194,4,4,105,2.0,0.0,0.0,2.0
1901,240453,University of Wisconsin-Milwaukee,Milwaukee,WI,5,-87.880488,43.076848,3,15,2013,228,10,7,126,3.0,0.0,0.0,1.0
1902,240453,University of Wisconsin-Milwaukee,Milwaukee,WI,5,-87.880488,43.076848,3,15,2014,204,3,4,120,6.0,0.0,0.0,3.0
1904,240453,University of Wisconsin-Milwaukee,Milwaukee,WI,5,-87.880488,43.076848,3,15,2016,183,11,7,120,1.0,0.0,0.0,1.0
1905,240453,University of Wisconsin-Milwaukee,Milwaukee,WI,5,-87.880488,43.076848,3,15,2017,178,4,6,95,1.0,0.0,0.0,0.0
1906,240453,University of Wisconsin-Milwaukee,Milwaukee,WI,5,-87.880488,43.076848,3,15,2018,197,8,4,113,3.0,1.0,0.0,0.0
1907,240453,University of Wisconsin-Milwaukee,Milwaukee,WI,5,-87.880488,43.076848,3,15,2019,238,12,11,146,3.0,0.0,0.0,1.0
1908,240453,University of Wisconsin-Milwaukee,Milwaukee,WI,5,-87.880488,43.076848,3,15,2020,201,5,9,124,3.0,0.0,1.0,1.0
1909,240453,University of Wisconsin-Milwaukee,Milwaukee,WI,5,-87.880488,43.076848,3,15,2021,233,6,12,141,4.0,0.0,0.0,4.0
1910,240453,University of Wisconsin-Milwaukee,Milwaukee,WI,5,-87.880488,43.076848,3,15,2022,231,13,7,128,4.0,0.0,0.0,4.0
1912,240727,University of Wyoming,Laramie,WY,4,-105.57931,41.311773,7,15,2003,55,1,0,22,1.0,0.0,0.0,0.0
1913,240727,University of Wyoming,Laramie,WY,4,-105.57931,41.311773,7,15,2004,52,1,1,22,1.0,0.0,0.0,0.0
1917,240727,University of Wyoming,Laramie,WY,4,-105.57931,41.311773,7,15,2008,179,0,5,94,1.0,0.0,0.0,1.0
1918,240727,University of Wyoming,Laramie,WY,4,-105.57931,41.311773,7,15,2009,200,3,8,107,1.0,0.0,0.0,0.0
1919,240727,University of Wyoming,Laramie,WY,4,-105.57931,41.311773,7,15,2010,191,0,4,89,3.0,0.0,0.0,0.0
1920,240727,University of Wyoming,Laramie,WY,4,-105.57931,41.311773,7,15,2011,232,2,6,113,3.0,0.0,0.0,0.0
1922,240727,University of Wyoming,Laramie,WY,4,-105.57931,41.311773,7,15,2013,222,4,7,98,1.0,0.0,0.0,1.0
1923,240727,University of Wyoming,Laramie,WY,4,-105.57931,41.311773,7,15,2014,222,2,6,100,1.0,0.0,0.0,0.0
1924,240727,University of Wyoming,Laramie,WY,4,-105.57931,41.311773,7,15,2015,189,1,3,81,4.0,0.0,0.0,0.0
1925,240727,University of Wyoming,Laramie,WY,4,-105.57931,41.311773,7,15,2016,197,0,5,93,1.0,0.0,0.0,0.0
1926,240727,University of Wyoming,Laramie,WY,4,-105.57931,41.311773,7,15,2017,199,2,1,90,1.0,0.0,0.0,0.0
1927,240727,University of Wyoming,Laramie,WY,4,-105.57931,41.311773,7,15,2018,225,2,13,121,2.0,0.0,0.0,2.0
1929,240727,University of Wyoming,Laramie,WY,4,-105.57931,41.311773,7,15,2020,210,1,8,91,2.0,0.0,0.0,0.0
1930,240727,University of Wyoming,Laramie,WY,4,-105.57931,41.311773,7,15,2021,262,2,10,133,2.0,0.0,0.0,0.0
1931,240727,University of Wyoming,Laramie,WY,4,-105.57931,41.311773,7,15,2022,238,0,6,131,2.0,0.0,1.0,0.0
